date,title,content
2024年7月18日,今日の予定、その2,"そこまで意欲上がん日かも
もうちと考えてみるけど必要に応じてすぐ寝るのもあり
なんだかんだで疲れてる説有効。打ち合わせ多すぎ"
2024年7月18日,帰ってやること,"ニックネーム対応。UIのみ想定
ボストのフラグアップデート、削除ボタンも付与
一喝取り込みもあんのみやつてみる予定、更新まで"
2024年7月18日,仕事進捗,"あんまり降ってくるのはなかった。打ち合わせ中心。
コーディングに時間使える。
神ナガノケンヤるかな
そこまで慌てるタスクもないという認識なので調整します"
2024年7月18日,aws,"覚えなあかんこと大杉
ついていけなくなるなあ
使うのが一番だけと金かかるゾーンだから躊躇する
verxelsupabaseで十分説あり"
2024年7月18日,いわなくていいことをいう,"デメリット、メリット考慮に入れて判断すべき。一時の感情では判断しない。
明らかに、一時の感情優先で判断して、は告げしているケースが目立つ。石丸さん
頭いいからわかってると思うのにもったいないことしている印象有。
戦力的には有効だけど言わんでいいこといいっている感じはする"
2024年7月18日,タイプスクリプトエラー,"コロン、セミコロンの違いで期待通りでない現象あり。正確にはカッコの種類の違い
見えるものとしてセミコロンの有無には気づいた現象、結果的にはUi部分、データ基本でテストして気づいた
今後もあり得るミスだと思うのでカッコの意味合い（｛後顔は認識する必要あると改めて認識｝"
2024年7月18日,子育て減税,"子供一人当たり年五十万減税する
今の税金徴収の仕方と、扶養家族記載の仕方だったらできるのでないかと、、
年齢18までで四萬税金減るイコール収入増えるなら、人口バグゾウするのでないかな、、、子育て支援金で一時的に配るよりも人口増加に有効
今すでにやってるなら見直して、子育てのメリット再度提示するのがいいと思う"
2024年7月18日,タイプスクリプトのエラー,"ひとまず、生成ＡＩに聞くのは有効だ
実際にはネットで調べた、大体か公開されてる場所使ったときに出る問題
ネット上は同じ問題に直面解決した人が多いハズ、そのソース見つければ解決できる"
2024年7月18日,ライブ,"近場の屋外ライブ行くべきかどうか悩んでる
いかないほうがいい理由。コスト4千円、タイミング電話の可能性、知らないバント
言ったほうがいい理由。知らない世界、2時間程度で四千円なら妥当、知らないのは事実だが世界すら塩がないので見てみるのは有効？
しばらく悩むしかない。入ってからどっか、軽く飯食いに行く、知り合い誘うとかはいいかなと、、、"
2024年7月17日,唐突なタスク,"準備まで来ていなかったけど見つけてもうたら仕方ないということで対応
難易度初級、前提が違う、怪しそうなクエリも複数提示したとこで終了
環境だいぶとできてきた印象
ただしまだやれることはある。プランの取得が優先度高いかな。古いサーバーでもいけるように"
2024年7月17日,デプロイ省力化,"フォルダ、Temp,_remoteなど追加
なぜか一部のファイルが更新できていなかった、CSHTMLファイル
原因は不明ですが、他にも詰まれば要注意で・・・・
タスク系の過去ファイル削除もタスク化完了"
2024年7月17日,生成ai,"単語か難しい、生成aiの学習の根拠は、データセット
ラグはより良い結果を求めるためにローカル、クローズでもつでーたあ。
ラグを使うことで正解に近づく、クローズとなニーズに近づく"
2024年7月17日,デプロイのシンプル化,"現行での問題解決すること、デプロイしていくうえで問題解決できるようにも調整
不要なファイル削除する機能も検討"
2024年7月17日,概ね打ち合わせなどめんどいの終了かなと、、、,"昼からは、ツール作成と、辰さんの件整理に注力。
跡は、明日の打ち合わせ準備かな
そこまで工数は高くない、生産性に注力する予定"
2024年7月17日,予定確認の重要性,"ギリギリで、思い出すタスクあり
想定以上に慌てた。結果としては想定内の流れにはなっているが、このくせは調整したい印象あり。
前もって作業するべきこと、作業おろそかにすることで、被るデメリットは認識する必要あり。
計画性のなさなのかな・・・直すべき習慣"
2024年7月17日,jsonとタイプスクリプト,"相性悪い気がする、使いこなせないだけかもしれないけど、有用性高いので、扱い方は確認したい
型定義とかはデータ次第で作れる形式、typescripts自体型定義優先言語のイメージあるので合わない可能性あり
少し文章読んでみて妥当な扱い考える必要あり"
2024年7月17日,忌憚ない意見,"本音の意見、言われたら結構好き放題言える雰囲気になる
オフィシャル、アンオフィシャルとの中間でも使える、アンオフィシャルでは使いにくいか、好き放題言われすぎそう
使えるときには発するべき言葉だと思います"
2024年7月17日,マジックナンバー,"数値や仕組みに委存ぜす、状況次第で変わり得る数字、マジックナンバー
固定されてた情報、数値や文字列などが変更される可能性あり
そういう数値を、外部に持つのが正解だけと、完全に管理するために、ディレクトリ単位で管理する
どの程度するべきかは悩む"
2024年7月16日,Stepの画面構成,"ある程度の画面遷移を想定してたけど、Componentsの遷移のみでできそうな感じ
そのほうが、React,NextJSぽくていいのではないか
やってみて問題があるようなら調整
始めてやることは面倒なこと多いが、生成AI使えば大体解決する説がある。"
2024年7月16日,人のせいにしないこと,"納得いかないことあっても、人のせいにしない、物のせい、仕組みのせいにする
そのほうが改善点つかみやすくなる
個人を攻め始めると想定外の事象の時に、問題化したときに、あとでもめる
もめるのは回避するべき"
2024年7月16日,慣れてる慣れてない,"違いは難しい、自分あった水にいることを望む本能はある。程度は難しい
知らないと言って避けるべきか異なる水飲む前提て使うか
程度難しい。見たことない水で化ける可能性もあるし合わない可能性もある。
少し突っ込んで判断後引くが正解かな"
2024年7月16日,会議,"本当に必要かどうかは随時考えるべき
妥当かどうか本当必要かどうかなど
不要、最適でないケースはある認識。"
2024年7月16日,タスク進捗,"残務は、再起動の資料の確認のみ
他はこなせた。午後もある程度時間とれる見込みあり。
NextJSのフォルダの最適化、特にComponentの場所について検討必要な印象"
2024年7月16日,今日タスク仕事,"比較的安定。
相澤時間かける予定。2人の問題はある
それ以外速報系も直撃はなし、報告に注力する
河内さんの件は見直す必要あり"
2024年7月16日,UI周り,"Switchでツボにばる。ハンドル複数準備してコードシンプルにするのでいいかな。
悩みすぎるよりも進めるの優先したほうがいい印象です。
後順番だけやってアップ想定"
2024年7月16日,育ってきた環境が違うから,"めっちゃ素直。環境の違いでここまで変わるのか。人間の四分の一の人生だと考えると20歳か、、、
そら、育ってきた環境次第、そこに依存してる今の日本がおかしい説
人間も結構変わるのかな。環境次第とはよく言ったものだ
人間は文化がある、チームがある、思考可能なので一概に同じではないし人間の価値だとも思う"
2024年7月16日,音楽の価値,"CD集めて、地上は見た時代とは変わったなぁ
今はYouTubeで賄える。テレビの編集入らないから大衆受けというバイアスがかからなくなってるかな
居心地はいいけど方向性が自由自在なので、、、本能に従った結果ばらばらになる
ほんとにいいものは自分で感じるしかない。"
2024年7月16日,Csv取り込み,"ねっで情報集める限りは抵抗なさそうな感じしています
外部からのファイル指定、読み込んで表示、確認、列名などはスタート画面で調整。リザルト画面で結果氷日視する漢字を想定、結果は、ログ的な意味合い、取り込んだ列、取れ込めなかった列の件数確認できるイメージ、
登録時、更新日などは今にすること"
2024年7月15日,邦楽見直し中,"ラーメン屋のせいで遠い世界と思ってた邦楽ハマってみる
まあ、悪くはないし納得する
いつまで続くかは不明だけどこういう時間の過ごし方も悪くない
地位交換あった一人カラオケ趣味になるも一つのゴールだと思ってる"
2024年7月15日,音の力,"音は味に勝てるか、勝手に戦ってる感はある
でもテンション上がる。変わらずの店なのはありがたい
強い思いがあるのかたまたま同じ世代なのか。悩ましい
コラボするか前面に出したらいいのに。全店でやってるかは不明〜"
2024年7月15日,詩,"いい曲は久しぶり聴いてもいい
ミスチルが久しぶりに聴いてハマりすぎた
これをかけてるラーメン屋…ありがたすぎる。最近方向性暴走してるイメジあったけど…
タイミングあればミスチル聞こうと思う"
2024年7月15日,サマリ画面の要件,"まとめて週単位、月単位で確認する。週単位のときには点数や文字数評価する。点数のみ
wordxloudでも展開できるようにする
文面に対して難易度など評価できるように。評価基準は難しい
ワードクラウドは覚えておく。上書きもできるようにする。"
2024年7月15日,一括登録の要件,"csvコヒペで取り込めるように。取り込む前に確認できること、確認後、
上書きの機能も持つ。不要なものはほっといても省けるように。
確認画面でcsv問題ないこと確認後落とすようにする
コレてきたら乗り換える準備完了！"
2024年7月15日,ヘライザーぶちギレ,"コレはおもろい、発信力ある。
そんな人になりやすくなった今の時代はありがたい。
自分は間違わないように生きる。キュッ間的に見るのは有効
そういう時代担ったことは嬉しいけど。、見つけるのは大変だけど。時間かかるし。、"
2024年7月15日,コーディングにおける調子良し悪し,だいぶ調子いい、ある程度作って基盤安定してUi作るの楽しいのかな、React、next故に楽しい可能性もあり。想定以上のペースは事実。テスト系一通りやる、ユーザー追加の動き、名前変更の動き
2024年7月15日,コーディング,"跡は好きなだけ描く状態
懸念点などひとまず消えた！
サインイン時の動きは調整必要〜ダミーのメール作成必要！
ダミーは作成してREADMEに書いていいか。"
2024年7月15日,サーバーコンポーネントと、クライアントコンポーネント,深い沼な気がする違うところでコスト使いたいので、簡略化する方向で調整、他に楽しいコスト使うべきところがあるという流れでいく。
2024年7月15日,何に注力するか,読書のウエイトは上げたほうが退化な。資格の勉強は興味なし。作りたい物作りは面白い。有意義な休みになれる。飲みにも行きたいんですが…
2024年7月15日,三連休最終日,"2日はようこなせた印象あり、
グローバル変数できそうなのはわかったけどはまりすぎは危ないので適度に手を出すこと
実装使えるもの優先"
2024年7月14日,久しぶりいちげんとよく行く店,"ゴールがわからん
常連でないポットでは面白かった。相手してくれるのがヴェルカムなのかな
色々行ってみないと適したシナリオはむずい、二軒目はあまり立っだ
飯島するか問題はつ来そうな感じ
違和感のある地下鉄新しいスタイルに自分がついていけていないから？、
タイミンク合えばまた行きたぃ！二軒目"
2024年7月14日,zennにアップするか、、、,"あまり新しいアプリは人気ない気がする、記事的に、便利ツールが今のところ有用だったイメージあり
正しい、記録としては作ったこと、経緯など記載しておく必要あり。readmeその糊で書けばいいのか。
今のところテーブル設計後にしたのは有用、peismaは使い所慎重にのイメージ"
2024年7月14日,ZST優先順,"使えるようにするの優先。
使えるようにとは？登録できる、編集できる、削除フラグ立つようにする
そのためにはユーザー周りのid系が優先度高い
自動的に番号裁判するスタイル優先。検証にも有効だと
次のステップ、時間とか正確に取れるように、詳細見れる表敬式準備、表はソート、条件などある程度容易に、気持ちよく見れる画面も準備、サマリ画面も作ること"
2024年7月14日,持ち帰り会社仕事,"幹部会陽資料は作成完了
あとは、河内さんの資料の確認と障害報告一覧
幹部会資料は90分対応。考えなくて良い仕組み欲しい。クエリだけでも自動化したい"
2024年7月14日,コーディング進みはよし。,"ひとまずデプロイまで完了。
ユーザーのidが想定外なのでどうするかは考える必要あり。
長期的に考えるならメアドでテーブル作るかな…
後々困ることも絞れるし移行しても比較的シンプル。メアドから、ツイッターなどだとそれ用のテーブル作ればいい、IDかぶるか名前つけルールでカバーする"
2024年7月14日,今日の目標,"参照までは完了
登録、編集、無効化、ビルドまでゴールとする
乗りよければ仕事は明日"
2024年7月14日,db　table設計,"ある程度動き燃えてきたのでテーブル設計する
ポイントはpkidの使い方、
indexは後で考える。一括登録の画面もか検討するこ"
2024年7月14日,雨降りなら山はなし,"自分のための創造的時間に費やす
めちゃ有効な印象あり
しばらくゲームで時間潰すことなくなった
リフレッシュは必要なので飲食はいく"
2024年7月14日,今日のクリエィティブ,"画面展開と、再停電の登録、セッティング画面の調整見た目のみ、readme調整、Documentフォルダ移行、デプロイ、Gitmarginぐらいかな
仕事回り残務あれば確認、作業、想定は管理会議資料、余裕あれば会社の仕事もこなす"
2024年7月14日,雨続く,"梅雨ゆえなのかな
結構雨率高いな。à
今日やること。ポストわやりui移行、登録まわり、テーブル設計"
2024年7月13日,やりたいこと,"そこに全力出せる人で居たい
想定以上に頑張れる、力尽きるまで頑張れる
今は何か、、、趣味コーディング！だな、、、性が出るかどうかは不明、自分のために頑張るスタイル。"
2024年7月13日,ポテトサラダ,自由だ、自分で混ぜる系、あったかい系、温泉卵天かすイン系いろいろある、どれがうまいかは微妙ませるのは自分で味整えられる不。天かすも美味しかった。全部足せば最強？
2024年7月13日,方向性,"Build優先は目標完了
今までのUIコピー
名前通名登録できるように
登録部分実装、UIこだわりは薄めでいい認識"
2024年7月13日,UI専念,"専念できる、懸念してた部分はクリアできてる印象。
priama使うかどうか、、、通常のサンプルあるし使わないのが有効かも
prima使うならサーバーから定義持って来る術確認必要
Prisma妥当な方法なさそう。ソースベースなんかなぁ。再現性担保する上では妥当"
2024年7月13日,Buildの問題,"結果としてはクライアントでCookie使わずにすること。
長かったけどグッキー使う限りsgはngということは学んだ。
あとは横展開。prismaどうするかな…"
2024年7月13日,繰り返しが有用,"納得いかないので繰り返しのシナリオ調整
何がどうなるかは不明だがやってみること
結果出すことが大事"
2024年7月13日,つられないように・・・,"タイミング間違えたの典型だった・・・適切にしたほうがいい。
喜んで餌に食いつくのはNG
ほんまにぽんこつだった。
ほかの子はたのしかったなぁ。また機会があればいく"
2024年7月13日,notionの出力,"csvはありがたいが、コメントがないのは辛い
試しといたらよかったと
こまめに直していくか、いい方法ないか検討すること"
2024年7月13日,シンプルから行くか、画面優先から行くか…,"メール認証から行くか、プロチューから行くか
シンプルなのは前者なのでそっちから行く予定、一月以内の再挑戦なので問題はない想定です"
2024年7月12日,十分週末堪能,"気持ち的にはそんな監視
適切な存在に感謝
本音っぽいの聞けたのは面白かつた
あの子はポンコツ感すごかったなぁ"
2024年7月12日,YouTube,"あのレベルで公開されるのはありがたい
リアルな情報含めてのリアル提示されるのはありがたい
変なニュアンス無しで提示されるのは時代を感じる"
2024年7月12日,あまり行くべきでない,"店としては面白かった
唯自分はその面白さ求めてない
タイミンク合えば行ってもいいレベルかな、、あれならギルド行くのが正解"
2024年7月12日,仕事の仕組み化,"築市の作業が辛い。効率化目指すために自動化するか…
築市の業務にどこまでコストを使うか
いい具合が難しい。じっとしてても結果産まないのでちょっと考えてみるかな。しくま化するコスト考えて"
2024年7月12日,忘れるタスクへの対策,"思い出すしかないのかな・・・
ためずにやるのは有効。定時タスクには使えない。
常にどこかにメモ、OutLook有効かな・・
もう少し考えるしかない。"
2024年7月12日,言いがかり,"調べなわからんので相談受ける
依頼の仕方は慎重なのでバランス感あり
結果的には言いがかりでしたが…"
2024年7月12日,朝仕事,"頭が空白状態での取り組み
効率は良かった、九十分効率良かった
朝仕事、やれば充実するかも。頭空っぽなのは効率いい説あり
余計なこと気にすればそれだけそこに脳みそ使ってるので効率悪くなる。忘れる力かな"
2024年7月12日,notion入門,"使い所が大事なツールというのは聚集承知
気持ちよく、お手軽に使いたいので時間かけてみる予定
1時間はしんどいかも、かけっぱなしになりそう"
2024年7月12日,語るに落ちる,"響く日本語だと考えています。
使いどころは難しいと思いますが、どうするかな。
キャラ変わったとき？落ちどころ見えた時、飽きた時など。
印象に残るいい言葉の認識"
2024年7月12日,"3,4年ぶりの店","久しぶりの店に行きました。
買わずで安心、なぜ言ったかは不明、あの界隈の様子再度確認できたのでそれもよかった。
また、いくかなぁと。箱自体大きくないからいいタイミングならまた行きたい"
2024年7月11日,飯食った、酒のんだ,"ゴール説等ある。
適量適切なのりば考
ひとまずしばらく離れた店にも行けたがたいえる必要あり。今後どうなるかは長期的に判断する必要あり"
2024年7月11日,センス,"圧倒的経験が導く答えを見つけるツール
経験しかないかな。
頭回る人がセンスある説はあるので頭回転力鍛えるのは有効と思ってる
どうやったらセンス鍛えられる？経験と頭の回転の良さかな、"
2024年7月11日,明日のタスク,"Msの資料準備
目的共有して、清と相談
明日の参加者、一度調整する、候補は太田さん、藤岡さん
河内さんの資料確認
再起動の資料作成
進捗説明用の資料も検討
西林さんの件　やってみないと的な回しを想定
毎週のタスク　障害報告一覧
管理会議の準備
飲み会の状況、小田さんに聞く"
2024年7月11日,休日,"引きこもり充実
昨日の夜のほうが成果残せた気がする。昨日の夜ui，今日移動周り、ボタン周り"
2024年7月11日,基本が大事?,"実践込みのContents勉強するのが早そう。
わからんことには進まん説ある
なんとなくでは限界あり
しっかり学んだほうがいい、schoo見てみるか"
2024年7月11日,沼った。,"ビルドで警告。sg作れない的なエラー
対策、まだ解明せす。多々グッキー使ってるやつ調整していくのがいいと思う
思うなので確定でない
型違いでのエラーもでる、こっちはできるやっできるの、できないので潰していくしかないかな。YouTube通りやってみること検討。"
2024年7月11日,心の病,"大きさはわからない
だれにも、本人にも、本人でも気づけていないことがある。
どういう対応がベストか？最大限の対応がベストか？リスク考慮しての対応がベストか"
2024年7月11日,関数化、libの範囲,"範囲妥当性は悩みどころ
実装した経験から適切に持っていくのがゴール
やってみて程度見て見直しも有効"
2024年7月11日,無人島に持っていく本,"前提　二三ヶ月　電気なし、ITなし
本かなぁ、利己的な遺伝子、ゼロ秒思考、神はもうそうである、薬の話、
薬の話？プラシーボ効果について、感冒薬についての話。同接したか見える。"
2024年7月11日,Tailwindcss grid-cols-n,"症状。先読みしないと、新しいgrid-cols-4などは使えない

先読みは、コメント上ででも grid-cols-4を先に読んでおく、将来的に-5 -6などもあり得るのならこうするのがベスト

// “grid-cols-4 grid-cols-5 grid-cols-6”
Netで情報調べても原因不明、先読みの機能のような気がするけども・・・これで解決するのでOKのイメージ"
2024年7月10日,コンポーネントは,"細かくすればするほど悩んだときのつまりは小さくて済む
どの程度までするかは悩むがとめどなくていいかな、
名前付けのルールに縛られるかもしれないけど経験優先で"
2024年7月10日,明日の休み,"雨ヤバそうなので引きこもりかな。
ハズレの日もたまにはある。看過予習する時間潰すかも
自分のために時間使うで十分説がある"
2024年7月10日,強引なパス,"妥当かどうかも不明だけど強引目のパス成功
ヤッパリ得手不得手あるなぁと
どうやって役割分けていくかは長めの手間だな
そこまで見る気はなかったけど経緯含めて詰めてくれてるのはありがたい"
2024年7月10日,在宅での働き方,"テーマ重いな。
どこまでどのペースでやるのが最適化は人それぞれだし
そもそも最適とは何かろんからはじまる
これからしばらくは定期的に在宅あるので最適な勤務状態は調整できる必要あり"
2024年7月10日,Notionのエキスポート機能,"機能としては期待通りだけど、問題は、コメントが出力されない件、回避方法とかあれば検索してい見ます
本当にあるかどうかは不明ですが・・・
メモへの記載だと、改行がおっくうになる。改行なしでひとまずこちらに目盛る予定
ツールも探してみる。QAキーボードに変えて、Shift＋Enterで改行は可能　スマホ上でも"
2024年7月10日,ゲーム購入１ｋ,
2024年7月10日,構造化、どこまで散らすか,
2024年7月10日,飲み会　さし,
2024年7月10日,クロイヤツ,
2024年7月9日,コミュニケーション,
2024年7月9日,全体プラン進捗を作成中,
2024年7月9日,シナリオ作る,
2024年7月9日,全体進め方迷い中,
2024年7月9日,next、servet、client,"コレは沼にハマる
サーバーサイド中心でコンポーネントでクライアント
usestate使えないの、サーバー側では
react自体、やっぱりClientに特化してるんだなと"
2024年7月9日,アサクリ,
2024年7月9日,技術の沼,"一度落ちたら這い上がるのは難しい説
ある程度守るべきパターンは尊守しないとだめなのかも
いちど、デプロイベースで進めるかな。"
2024年7月9日,知識ないことへの戦い,"無理なもんは無理、素直に逃げるが正解
逃げ道があるのなら、方向間違ってないのなら、目的が何か忘れないように
台紙でないことで詰まるのは損をする"
2024年7月9日,九仞の功を一簣に虧く,"キュウジンノコウヲいっきにカク
かっこいい日本語、使いたくなる日本語
たまにあるよな。
騙されてもいいから使ってみたくなる
こんな情緒的になる日本語好きだ"
2024年7月8日,10秒で考えてわからないものはそれ以上考えても無駄だ,
2024年7月8日,今日どこまでやるか,
2024年7月8日,コミュニケーション,
2024年7月8日,サーバー周りやるべ像,
2024年7月8日,職場運,
2024年7月8日,エンジニアの職種、給与,
2024年7月8日,ロケット団,
2024年7月8日,前後と先後,
2024年7月8日,時間の前後,
2024年7月8日,しゃべり屋,
2024年7月8日,都知事選,
2024年7月7日,定規があってるか,
2024年7月7日,夜の酒,
2024年7月7日,自分中の価値観,
2024年7月7日,実装パターン　nextjs,
2024年7月7日,"react,prismaの罠",
2024年7月7日,コーディングは調子いい。,
2024年7月7日,コーディングでツボにはまる,
2024年7月7日,prisma　supabase,
2024年7月7日,絶対悪、絶対善,
2024年7月7日,暑い,
2024年7月6日,次のステージへいけのサイン,
2024年7月6日,knot買っちまう…,
2024年7月6日,時計、ソーラーのやつは,
2024年7月6日,名前、漢字からの,
2024年7月6日,暑すぎ（汗）,
2024年7月6日,山に行く！,
2024年7月6日,今日は雨,
2024年7月6日,変な夢,
2024年7月6日,shadテーブル,
2024年7月6日,他人のプラン,
2024年7月5日,ひとまずは、,
2024年7月5日,整理がめんどい,
2024年7月5日,想定外の問題・・・軽め,
2024年7月5日,セキスペ、安全確保支援士の資格,
2024年7月5日,午前中タスク終了,
2024年7月5日,在宅での仕事,
2024年7月5日,dポイント,
2024年7月5日,adblock,
2024年7月5日,ニュース、新紙幣,
2024年7月4日,充実,
2024年7月4日,リレーション、明示的、暗黙的,
2024年7月4日,テーブル定義でリレーションを利用するかどうか,
2024年7月4日,スタートページの仕組み,
2024年7月4日,やるべきこと,
2024年7月4日,在宅のメリット,
2024年7月4日,新札,
2024年7月4日,進め方,
2024年7月4日,できることから調べていく,
2024年7月4日,困ったとき,
2024年7月3日,寝れるときに寝る,
2024年7月3日,今日のタスク,
2024年7月3日,めんどい会議,
2024年7月3日,VSCODE＋生成AIツール,
2024年7月3日,mvp開発2,
2024年7月3日,MVP開発,
2024年7月3日,沼な時,
2024年7月3日,思考のヨリミチ,
2024年7月3日,vscodeアドオンai,
2024年7月3日,失敗への遠回りを楽しめ,
2024年7月2日,家での時間、どこまでやるかな、、、,
2024年7月2日,asp.netにbootstrap,
2024年7月2日,ややこし仕事多い…,
2024年7月2日,全体最適,
2024年7月2日,角川のランサムウェアで思うこと,
2024年7月2日,Bootstrap最新化,
2024年7月2日,火曜日の朝,
2024年7月2日,date-fns,
2024年7月2日,経験を有用化して本当に使えるものにするには,
2024年7月2日,縦のライン　動くの優先で広める理由,
2024年7月1日,立ち位置,
2024年7月1日,2週間後の自分がわかるコード,
2024年7月1日,覚悟なくても手を挙げる美学,
2024年7月1日,てあげたこと引き受けるのはメリットない,
2024年7月1日,冷静に分析と評価,
2024年7月1日,習慣,
2024年7月1日,adblockいい感じ、、,
2024年7月1日,白髪染め,
2024年7月1日,変な夢見た,
2024年7月1日,週初め,
2024年6月30日,明日は、牛行くか〜,
2024年6月30日,notion優秀,
2024年6月30日,進め方,
2024年6月30日,できる範囲で調整進める,
2024年6月30日,沼再び・・,
2024年6月30日,沼の種類,
2024年6月30日,炭水化物祭,
2024年6月30日,youtube.tv違い,
2024年6月30日,FUNDRY　２,
2024年6月30日,ダークウェーブにメアドなど,
2024年6月29日,本能とは,
2024年6月29日,メシ完了,
2024年6月29日,今後のことzst進め方,
2024年6月29日,進まない件,
2024年6月29日,Prisma→supabase megrationが進まない・・・,
2024年6月29日,nextjs5/50,
2024年6月29日,FUNDRY　ファンドリー,
2024年6月29日,夜のプラン,
2024年6月29日,今日の予定　昼,
2024年6月29日,今日の予定　夜,
2024年6月29日,クリエイティブ系ゲーム,
2024年6月28日,金の使い方,
2024年6月28日,想定外だがミオさん,
2024年6月28日,出来るだけシンプルな仕組み・・・,
2024年6月28日,正解のない問題を解く能力,
2024年6月28日,夜どうするか…,
2024年6月28日,supabase 8/10,
2024年6月28日,sendgrid メールサービス,
2024年6月28日,supabase認証、1/10,
2024年6月28日,Steam　サマーセール,
2024年6月28日,GoogleKeepサービス終了,
2024年6月27日,データセンター市場,
2024年6月27日,集中力,
2024年6月27日,クエリー,
2024年6月27日,ほかの業者との折衝,
2024年6月27日,整理完了,
2024年6月27日,shadcn 使ってみる,
2024年6月27日,NEXTからphpデジタル庁,
2024年6月27日,NEXT　4/50,
2024年6月27日,在宅ワーク2024/06/27,
2024年6月26日,反省するのかしないのか。,
2024年6月26日,なんとなくめんどい一日、酒うまい説,
2024年6月26日,調整力必要不要？,
2024年6月26日,使いこなす,
2024年6月26日,仕事期間中にプライベートなクリエイティブ時間の切り替え,
2024年6月26日,UI優しさ,
2024年6月26日,KADOKAWAvsNewsPicks,
2024年6月26日,「大衆受け」,
2024年6月26日,X楽だな,
2024年6月26日,タバコ減らし成功、一日目,
2024年6月25日,思考ストップさせる単語,
2024年6月25日,ゲーム抑える,
2024年6月25日,社畜ジャパン,
2024年6月25日,nextjs dir構成,
2024年6月25日,久しぶりのレスポンス調査,
2024年6月25日,想定外のタスク、上からの指令,
2024年6月25日,昔のメールの検索,
2024年6月25日,クリエイティブトレーニング進んだ,
2024年6月25日,コーディングはパーツ,
2024年6月25日,コーディング,
2024年6月25日,魑魅魍魎、都知事選,
2024年6月24日,KADOKAWA vs NEWSPICKS,"おもろいバトル始まった。
事実ベースのNewsPicks、事実の虚栄の世界で生きているKADOKAWA
最後に勝つのは、killmilk
落としどころどうなるのかは気になる。
KADOKAWAからKillmilkに出したメール、それの返信内容がNewsPicksに流れたのが意味不明
かなりKADOKAWAの近い場所に情報源ある。
そもそも、ランサムウェアにお金を払った時点で、KADOKAWAの成長は限界が出てくるのが正解
来月とか、２，３か月後どうなっているかは気になる。多分KADOKAWA事業形態見直しとかさせられそう。"
2024年6月24日,zennアップ,"正直ネタは弱いけど、世にいう技術者に可能性を提示するきっかけを希望！
ほんとうは、テーブル変数、with句のリスク等の提示を掲示するための入口。
ゆくゆくはそこまで行く一ヶ月いないぐらいでできればと思う
使い方勘違してる人にメリットデメリットを提示できる資料が目標！"
2024年6月24日,タバコの量減らせるか…,"一日の本数半分にしたい、20から10を想定
歩きながら吸うのを辞める。それだけで六本！！
現実的なラインかも…
ひとまずそれ目指す！！立ち止まっての一服は許容
歩いてる最中どうするか、、、YouTubeで情報収集、ネットで情報収集、ツイッター、、、やることはあるハス！
よし、決断！"
2024年6月24日,朝の体調不良,"ペース的には早退レベル。視覚が九分の一程度に
朝から脳裏良く使いすぎ、頭使いすぎたからなのか
1時間経たずに復調。
タイミング含めて責務果たしたうえでクリエイティブな仕事が捗る
鬼のように集中必要なの入れたら結構リセットされる性格かもしれない"
2024年6月24日,管理会議,"良かったとこ。順調、質問に対しては5割
残りは空振り仕方ない印象あり
振らなくていいバットもふって、二塁打ぐらい。"
2024年6月24日,2024/06/24のタスク,"いつも通りになりそうな気がする。
帰ってからのクリエイティブな時間は欲しい
幹部会報告、八割完成の認識
aipjの件、インデックスの進捗次第かな、気になることは指摘する余裕は持つこと。
タバコは仕事中は2本目標
0思考は、あと三つは書いておく、コレ省く"
2024年6月24日,nextjs、3/50,"プロチューで学習、ゴールまでの道筋は見えた
検討点その一　プリズム使うかどうか、supabaseそのままでいくか。後者は経験ありだけど流行りの技術使うべき論もある
検討点その二　authについては、、、自力でメアドベース考えてたけど今後のこと考えるとnextauthて出してみるか、、、一通り実践してかな。
zodなど、フォーム周り触って実際にやってみないと評価は難しい印象"
2024年6月23日,週末振り返り、、、,"悪くはない週末感謝
仕事は0点、学習は8点、体力は8点、夜飯は9点、充実した週末かな〜
登山いつもと違うコース疲れ度合い高かった、雨もやられたし、
昔行ってた店再度行くの楽しいと再認
来週からの雨はブルーだな…"
2024年6月23日,フロチュー　プログラミングチュートリアル,"技術レベルが自分にあう
作り出したら結果出るまで作り切る
自分の持っている技術が合うのなら助かる動画
ただ単に論理だけ、説明だけでは飽きてくる。コード知っ仙してもらったほうがいい
金払ってまで見るかは微妙、YouTube感謝、ただお礼する方法あればいいのに…"
2024年6月23日,nextjs3/50 css,"cssnextjsで使うときの手順学習
妥当かどうか不明ですがmodulecssの模様。
あまり苦手な使い方なので、tailwindcssになると思います
次のステップでlinkオブジェクトぽいけど自分にあうか不明、、、
シンコードキャンプのひとが技術的に、進め方的に合いそうと考えています。"
2024年6月23日,ロンドン崩壊？,"YouTubeで流れてた情報
そこまでやばいかどうかは不明、次元が違う崩壊が始まってる。街が死んでる
栄枯盛衰の衰がはじまってるそうな、、、ほんまかな、
事実は不明なのが気になりますがそういう世界線にはいった、日本人歓迎されてるとまで、、、五つ星ホテルまで死んでる
ほんまかどうかは時間見ていくしかない、注視必要な流れ"
2024年6月23日,百鬼夜行,"百鬼夜行始まってる。こんな時代くるとは感はある。遠い世界でいいと思う
世間的にはこんな時代求めてるのかな・・・
正直ようわからん・・・１００匹いれば、いい鬼、もいる説
そちらに期待するのが正しいのか・・・なんか秩序が歪んできている印象あり。"
2024年6月23日,ランサムウェア＋角川,"なぜそこまで、責められるのか？Youtubeよりも、ハードル低いのかな？
脅威の作成は容易に可能、管理も２，３人で可能という話ある。
個人情報を暗号化→人質にとれるのなら金の請求も容易、金請求されて、答えた模様
システム１００％セキュリティ準備するのは無理だという認識。８０％のレベルあれば、それは全レベルがそれになる。
空売り説。この程度で努力微小、株を利用（空売り）すれば、着実に金をとれる。"
2024年6月23日,祈りの幕が下りるとき,"邦画なので、あまり期待はなかったですが、思った以上に面白い
微妙な心情の変化は日本人向け、独自の文化だと思う。
阿部寛いい演技してる。
東野圭吾さすがだ・・・小説系は一般的には国ごとに求めているもの違いそう・・・シドニーシエルダンとか好きだったけど、育ってきた文化違えば、ここへの刺さりぐあいも違う。ヒューマンドラマは・・・
その点、哲学書はそこのコア部分なので、共通。
サイエンスフィクションはもっと共通。誰しもが、通る道への導になると思うし、根源に近い
前評判によ寄らず、日本の映画、評価上がってるのは、日本人の表現難しいデリケートなところ、表現がうむくなったからかな"
2024年6月23日,思考用のツー,"ツール作成してまでもやるべきかの判断
習慣としては、訓練の意味合いでは最適なパターン、ゼロ秒思考
ツールが紙が最適かどうかはやはり悩む
なので、それ用のツールを作成するのは当然の結果。NETで調べても最適なのはなさそうなので
ある程度、PGの技術はあるので、思考の意味合いでも作成の努力始めるのは有効だと思う
完成までを目指したうえで・・・ログインは容易に、プライベート、パブリックは区別必要
画像からも可能に、OCRで文字読み取りベスト
サマリーの機能も準備する。
タイトルの例も画面としてもつ、
前文、導入部分は丁寧にしないと、意見あってから使ってもらうのが前提・・・"
2024年6月23日,NEXTjs2/50promptや、コンポーネント、学習,"promptや、コンポーネント、学習
ClientUSE も結構沼った記憶ある
何度か回すことは大事なイメージあり。
継続的に続けるすべなんかないのかな、、動画で思い出せるのはメリットあると思うけど。続けるのに適しているか
コード学習なら、本よりも実践のイメージはある。会社のタスクと合わないのが…"
2024年6月23日,YouTube見るものの指針,"情報収集ツールとして使うのは正解
内容多岐にわたってるので知りたい情報思ったよりある
どうやってコンテンツ無つけるのが正解か、、
おすすめでなく自分で単語、キーワード入れて探すのが正解！！"
2024年6月22日,foについて,"能力は間違いなく高い。じぶん、otデブオロできない点もブォ炉してる。
ただ微妙なニュアンスについては会社経験が物を言うので、f.otが強い。、経験しかないと思う
想定外、今まで自分等が避けてた提案をしがらみなく話してくれるのはありがたい。
バランス感にウェイト置いたほうがいいかも、具体的な案の提示は難しいが…"
2024年6月22日,ぴのさんは可愛いが,"適当に生きてるコンカフェ探し。
アルファー派はいい表現。こうして一つづつ学んでいくんだと改めて認識
立ち位置に応じてセリフは変わる。、きれいに回すためには必要な技
波また浴びに行くと思う。ぴのさんはおもろい説"
2024年6月22日,心に残った映画,"メメント、オチがインパクトありすぎ、面白いし仕組みわかればドキドキが止まらない
すずめの戸締まり、これはずるい系だと思う。経験ある人はなく。
時をかける少女。ずるい、奇跡、物語強すぎ。最後のオチ綺麗すぎて家でpc見ながら泣けた。
ユージュアル・サスペクツ　完全な物語。最後まで落ちわからす！名演だと思う。
トレスポ　あの、アングラ感と違和感を楽しむ感じは強烈です。何度も観る必要ないがインパクトは最強"
2024年6月22日,繰り返すことのメリット,"再読、映画再びなどを想定。
再読はメリットあると思う。読書記録残してるのでビジネス書関連は特に。
映画はドだろな、心に残ったやつでも同じシナリオ、同じ絵ならメリットないかも。
漫画、映画（あにめ）はドだろな、漫画と同じシナリオで漫画読んでるのなら必要ないかな、、よっぽど気に入った漫画なら流し見はあり。
映画→アニメは、続き気になって読むことはある。よっぽど気になる話なら…
亜人見たときにはアキラ並に絵の表現力驚いた。cgの技術かな、、、"
2024年6月22日,映画,"祈りの幕が下りる時、かつ見てる限り面白そうです。本当にヒットするかは不明。映画解説誇張しすぎてる説確認
ジョーカー2は見に行くと思う。続編のくせに大物登場〜映画館確定のイメージ
関心領域の、予告編はインパクトあった、コレはどこかで見たい。亜人の最初の方と同じテーマ。
昔見たメメント再度見てみたい。dvdあったはず
東野圭吾げんさくおおいなぁ、陽気なギャングの映画は、楽しかった記憶あり、ほか、終末のフール、今日という日は残された日々の最初の一日は名言！東野圭吾でないけど…
ゴジラ、-10 迫力は最高！cgああいう使い方は新鮮すぎる、あの距離だからこその恐怖感じる"
2024年6月22日,今からの予定,"テスト
新神戸から有馬
ある程度時間かかる見込み、6h想定
バスは1555予定
帰りはミナミて飯食う
久しぶりのミオさん面白かったけど不健康感あった、マジュの件聞けてもよかった"
2024年6月22日,NEXTjs 1/50,"入門ユーチューブで学習verselアップまで
一般的な構成との違いに苦戦。nodeのバージョンとか意識したことない。手動でのインストールで解決。
バーセルアップまでは用意。マニュアル通りでできた印象あり
page.tsx.index.tsxの違いがしっくりこないかも。、ハマりだしたらきりないので飛ばすか、、、approuter周り?　時間ある時整理
ディレクトリ構造思い出す。コンポーネントの考え再度思い起こし必要。ビジネスロジック作ってたのは自分優秀！！
過去のソースもう少し和める必要あるな
readmeの充実も検討必要
前文も検討必要。タイトル集も適当に…テープ付作るか…"
2024年6月22日,Ｔさん,"能力はある、細かいことはやってくれる印象あり。
バランス感覚がベストかどうか不明。時々ザツなときがある
直属ではないが上司なのは確実。
仕事は丁寧なので、うまく使えばメリットあり
慎重な対応必要な場合にはあらかじめそれ前提で、進める。暴走止めるメリットあり"
2024年6月22日,発射オーライ　使ってみた,"多分初めての認識でしたがメアド登録されてたので再登録不要、パスワード再設定のみ
奥的のコース探すが画面よくない。目的コースの復路探すのがめんどかった印象。
期待のバス予約するまで、20分かな、バス切れてるケース考えたら面倒だけどこちらのほうがいいかな。
ペイペイで入金、クレジット番号登録しといたほうがリスク避けれるけど、いつでも選べるので。必要なときに奏する予定。
リスクなく今日は歩ける気がする。
目的は果たせた！ウェブツール感謝！"
2024年6月22日,六甲か箕面か・・・,"悩んでいる・・・無難な六甲か、箕面か・・
六甲いつものコース　９時発で、１８時大阪可能
箕面勝尾寺コード　９時発、５時間、勝尾寺、箕面駅コース
箕面止々呂美コース　９時発、６時間、迷う可能性あり→雨降る可能性あり、
六甲縦走路　後半　有馬コース　新神戸発なので、６時間かかっても、雨合わずに帰れるか・・
六甲縦走路後半、有馬コース決定！風呂は大阪で入るパターンを想定　天気次第か・・・"
2024年6月21日,otについて,"バランス感ある、能力ある。ただ頑固癖強すぎる艦もある
正直現行の社長の下では今の仕事、ot続けるしかないと思う。
在宅のデメリットくらい続けてるイメージはある。肉体的な問題なので回避は難しいし、いくら押してもなんとかなるものでない。外的環境含めて。
考えて完璧に使いこなす自信ない、今の環境だと。、なんで、そこに体力使うのやめた、202306から"
2024年6月21日,まれにみる、眠気の原因の推測,"• 体調不良のためか、眠気が昼からやばかった模様
• 昼食のピザ+コーラか、前日２００Ｐの書籍面白かったので、こちらに集中しすぎたかも

    ◦ 朝から集中力欠如は、読書のせいだと思われます。
• 定期的に体動かすか自分の中の機械作業こなしてくことで、仕事は勧められた
• 面白仕事を意図的に捕まえるのも対策としては有効"
2024年6月21日,目が遠くなる,"年齢の性の可能性あり。
継続的に眼球運動始めたおかげで持続力はついた
食べ物とかでの調整有用ではないかな、、、ブルーベリー？とか？
メガネしても眼球能力は変わらない気がしています。やってみるのは悪くない、老眼鏡かな？"
2024年6月21日,再読の仕方,"モチベーションが一番大事
いい思い出があるか、心に残った論理があるか、その論理思い起こしたいかで判断
それ考えたら上のほうがいいのかな、、、感想やラインあるし、、、
本、書籍との向き合い方は見直す価値あり、魔力的なものは1日で読めるのは今も変わらない
電子化するべき？先引けなくなるデメリットある。再読の習慣つけばカバーできるのでは…"
2024年6月21日,手書きのテスト,
2024年6月21日,０秒思考　書評,"鍛えるすべを提示するもの。
そのための手順を具体的に提示
再利用、生産力のアップには直結しないが、随時の判断力、思考力を上げることに特化している。
思考力鍛えるトレーニングという意識は今までなかったので、有用なツール化も
誰でも目指せるトレーニングというのはありがたい。
ツール化することで、より、簡易にトレーニングしやすくなるのではないか？
再利用についてはデータでの作業が得意なので、データ化するメリット
個人情報についてはどうするか・・・DBの時点で暗号化は入れるかどうか
構造は基本２段階　タイトル、コンテンツ（５，６）、コンテンツに補足、補足は必須ではない想定
データ化するのなら、履歴は残したほうがいい
繰り返して読むことも視野にいれる！"
2024年6月21日,rushいいかどおか、,"bigは微妙な感覚。ジェルシャンプ量がわからん、しばらく試さないと
リハーブは、いい感じだと思う
サイズ適切なのは艦変えるべき。最初はスモールのほうが無難。
他のコンディショナー系もて、だしてみるかな、、、"
2024年6月21日,電子ペーパー,"使おうとすると結構コスト高い模様。富士通のやつがしっかりしているが、４，５万
要件としては、PC、スマホへの連携必須。充電能力
大きさ、A4がベスト
いろんな会社が出している模様。継続して情報集めたほうがいいと思います。
カラーリング　黒に白で書くより、紙（ホワイトボード）に記載のイメージがいい
nuboardにしてて、写真撮って共有のほうが楽ではないか説は残ると思います。"
2024年6月21日,スマホからの入力テスト,"どうなるのかは試してみないと。

キーボードのほうがやっぱり楽、移動中電車の中だとこうなるか、、、

気軽に入力できること優先が第一ステップなのでしゃーない

続けれる環境優先"
2024年6月21日,A4に勝つための・・・,"-デジタル化のほうが今の時代メリットある
-電子ペーパーも視野にれる　コストはかかるが・・・どの程度か相場などは確認するべき
-図とか書けない可能性ある。それは制限として受け止める
-プライベートかいていいのかな？自分で仕組作れば、漏れることは回避できる
ユーザー、パスワード、永続的、メールで再度要求ぐらいかな
-時間も正確にしたい。新規（スタート）、保存（ゴール）で時間を図る
　編集は難しいな・・・編集と参照は別の役割想定
-デジタル化しておいたほうが、後での閲覧用意、検索も用意、
　ハイブリッド想定して、画像も持てるように、その場合は手動で時間を入力"
2024年6月21日,習慣化するための手順,"簡単にできること。日常的に使えるデバイスを検討する必要あり
-電子化すること。スマホでも使える状態を目指す。簡単にいつでも触れることが理想
電車の中、往復の時間や、自宅でのちょっとした時間にも有効
-ツールとしては現状だとNotionが最強？過去分の圧縮どうするかは考える必要ある
どの本みても実際の紙を押している・・これに勝てる手法が欲しい
-まずは習慣化・・・１日１０枚がけっこきついかな　電車時間が有効それ迄に字間詰めるのも"
2024年6月21日,最初の一枚,"• どこまでなにができるかの思考のパターンとしては有効な可能性あり
• ルールとして、１日、１０枚、左上にタイトル、日付
• ４行から６行、２０文字～３０文字
• １分以内に終わらす。　１ｍ、１．５mでＯＫ　日付の右で"